{
  "pixelWidth": 774,
  "pixelHeight": 1024,
  "xSpacing": {
    "spacing": 8,
    "confidence": 0.7809771867325844
  },
  "ySpacing": {
    "spacing": 8,
    "confidence": 0.8214931950395216
  },
  "chosenSpacing": 8,
  "phaseX": 5,
  "phaseY": 7,
  "bounds": {
    "minX": 8,
    "minY": 44,
    "maxX": 752,
    "maxY": 1003
  },
  "floorCellCount": 3956,
  "floorCellRatio": 0.44310035842293904
}
