{
  "version": "0.1.0",
  "kind": "map-ir-proposal-model",
  "trainedAt": "2026-03-05T12:10:07.705Z",
  "corpus": {
    "mapCount": 20,
    "sourceDir": "/Users/robertgilks/Source/dnd-campaign-creator/docs/map-review/map-ir/roundtrip"
  },
  "dimensions": {
    "width": {
      "values": [80, 90, 93, 94, 96],
      "stats": {
        "count": 20,
        "min": 80,
        "max": 96,
        "mean": 94.55,
        "stdDev": 3.653423052426315,
        "p10": 92.7,
        "p50": 96,
        "p90": 96
      }
    },
    "height": {
      "values": [96],
      "stats": {
        "count": 20,
        "min": 96,
        "max": 96,
        "mean": 96,
        "stdDev": 0,
        "p10": 96,
        "p50": 96,
        "p90": 96
      }
    }
  },
  "metrics": {
    "floorCellRatio": {
      "count": 20,
      "min": 0.3464626736111111,
      "max": 0.5172872340425532,
      "mean": 0.46690411267881426,
      "stdDev": 0.03963044100785827,
      "p10": 0.4310616134751773,
      "p50": 0.4672309027777778,
      "p90": 0.5082682291666667
    },
    "floorsPerCell": {
      "count": 20,
      "min": 0.02060185185185185,
      "max": 0.041223404255319146,
      "mean": 0.028169077998296856,
      "stdDev": 0.005555421642374084,
      "p10": 0.02243923611111111,
      "p50": 0.028157552083333336,
      "p90": 0.03511067708333334
    },
    "wallsPerCell": {
      "count": 20,
      "min": 0.05439814814814815,
      "max": 0.11524822695035461,
      "mean": 0.07917809477395206,
      "stdDev": 0.01632079143491111,
      "p10": 0.06196656586021505,
      "p50": 0.07801649305555555,
      "p90": 0.10378906250000001
    },
    "thresholdsPerCell": {
      "count": 20,
      "min": 0,
      "max": 0.0007595486111111111,
      "mean": 0.00026743672587953434,
      "stdDev": 0.0002156990901177376,
      "p10": 0,
      "p50": 0.00022424768518518518,
      "p90": 0.0006510416666666666
    },
    "labelsPerCell": {
      "count": 20,
      "min": 0.00021701388888888888,
      "max": 0.0016927083333333334,
      "mean": 0.0006583618514705509,
      "stdDev": 0.00035616740348546347,
      "p10": 0.00021701388888888888,
      "p50": 0.0006510416666666666,
      "p90": 0.001116698064420804
    }
  },
  "generatorPriors": {
    "roomMinSize": 3,
    "roomMaxSize": 10,
    "roomCountMean": 26.371090811807953,
    "roomCountStd": 4.746796346125431,
    "extraConnectionRatioMean": 0.35,
    "extraConnectionRatioStd": 0.08,
    "maxPlacementAttempts": 1200
  }
}
